{"cameraMode":{"drawMode":0,"name":"Shaded","section":"Shading Mode"},"sceneLighting":false,"audioPlay":false,"sceneViewState":{"showFog":true,"showMaterialUpdate":false,"showSkybox":true,"showFlares":true,"showImageEffects":true,"showParticleSystems":true},"in2DMode":false,"pivot":{"x":2.12557315826416,"y":4.213414192199707,"z":0.28500819206237795},"rotation":{"x":-0.08631773293018341,"y":0.18157991766929627,"z":-0.01600169762969017,"w":-0.9794498682022095},"size":14.536272048950196,"orthographic":false}