{"cameraMode":{"drawMode":0,"name":"Shaded","section":"Shading Mode"},"sceneLighting":true,"audioPlay":false,"sceneViewState":{"showFog":true,"showMaterialUpdate":false,"showSkybox":true,"showFlares":true,"showImageEffects":true,"showParticleSystems":true},"in2DMode":false,"pivot":{"x":-1.832085132598877,"y":1.275038719177246,"z":1.5133333206176758},"rotation":{"x":-0.0793784111738205,"y":0.8572596907615662,"z":-0.13905635476112367,"w":-0.48935505747795107},"size":10.0,"orthographic":false}